,Celular,Marca,cor,Ram,Hd,num_ship,Valor_real,x
0,"Nokia C2 Nk011 Tl 5,7   (16+16 Cartão)1Gb",Smartphone,Ram,1gb Ram,32gb,1,639,
1,Galaxy A10S,Samsung,preto ,2 GB RAM,32 GB,2,839,
2,Redmi Note 9S,Xiaomi,azul ,4 GB RAM,128 GB,2,1.709,
3,Redmi Note 8   Moonlight,Xiaomi,white ,4 GB RAM,64 GB,2,1.260,
4,Galaxy A01 Core,Samsung,vermelho ,2 GB RAM,32 GB,2,682,
5,Zenfone Max Shot Zb634Kl,Asus,preto ,4 GB RAM,64 GB,2,999,
6,Galaxy A31    Prism Crush,Samsung,black ,4 GB RAM,128 GB,2,1.529,
7,"Nokia C2 Nk011 Tl 5,7   (16+16 Cartão)1Gb",Smartphone,Ram,1gb Ram,32gb,1,639,
8,Samsung Galaxy M21S Tela 6.4  4Gb Ram -,Smartphone,Azul,4gb Ram,64gb,1,1.499,
9,Galaxy A21S,Samsung,preto ,4 GB RAM,64 GB,2,1.358,
10,K41S,Lg,titânio ,3 GB RAM,32 GB,2,888,
11,2.3,Nokia,sand ,2 GB RAM,32 GB,1,749,
12,Galaxy A01,Samsung,vermelho ,2 GB RAM,32 GB,2,719,
13,K22,Lg,titan ,2 GB RAM,32 GB,2,719,
14,Galaxy M21S,Samsung,azul ,4 GB RAM,64 GB,2,1.499,
15,K61,Lg,branco ,4 GB RAM,128 GB,2,1.259,
16,K51S,Lg,titan ,3 GB RAM,64 GB,2,1.090,
17,Galaxy S10,Samsung,preto-prisma ,8 GB RAM,128 GB,2,2.799,
18,"Lg K52 4G Tela 6,59  3Gb Ram",Smartphone,Cinza,3gb Ram,64 Gb,1,1.099,
19,"Lg K22 Tela 6,2  2Gb Ram Android",Smartphone,Azul,2gb Ram,32gb,1,741,
20,E Lite,Multilaser,preto ,512 MB RAM,32 GB,2,399,
21,2.3    Cyan,Nokia,green ,2 GB RAM,32 GB,2,749,
22,Zenfone Max Pro M2 Zb631Kl,Asus,titanium ,4 GB RAM,64 GB,2,1.199,
23,K51S,Lg,titan ,3 GB RAM,64 GB,1,1.169,
24,Redmi 9 (Global)   Carbon,Xiaomi,grey ,3 GB RAM,32 GB,2,988,
25,Galaxy S10+,Samsung,preto-prisma ,8 GB RAM,128 GB,2,4.499,
26,F,Multilaser,café ,1 GB RAM,32 GB,2,499,
27,K22+,Lg,titan ,3 GB RAM,64 GB,2,1.099,
28,Redmi 9 (Global)   Carbon,Xiaomi,grey ,4 GB RAM,64 GB,2,1.072,
29,"Lg K22 Plus Tela 6,2  3Gb Ram Android",Smartphone,Titânio,3gb Ram,64gb,1,1.099,
30,"Lg K22 Plus Tela 6,2  3Gb Ram Quad-Core",Smartphone,Verm,3gb Ram,64gb,1,1.099,
31,Redmi Note 8 Pro,Xiaomi,verde-floresta ,6 GB RAM,128 GB,2,1.679,
32,E,Multilaser,preto ,512 MB RAM,32 GB,2,420,
33,Poco X3 Nfc   Cobalt,Xiaomi,blue ,6 GB RAM,64 GB,2,1.694,
34,Twist 3 Fit S509C,Positivo,preto ,512 MB RAM,32 GB,2,426,
35,G9 Plus,Moto,azul-índigo ,4 GB RAM,128 GB,2,1.895,
36,G5 Plus,Moto,azul-safira ,2 GB RAM,32 GB,2,829,
37,Mi 10T 5G,Xiaomi,prata-lunar ,6 GB RAM,128 GB,2,3.550,
38,Poco X3 Nfc   Cobalt,Xiaomi,blue ,6 GB RAM,128 GB,2,1.964,
39,Zenfone Max Shot Zb634Kl,Asus,vermelho ,3 GB RAM,32 GB,2,949,
40,G9 Play,Moto,verde-turquesa ,4 GB RAM,64 GB,2,1.269,
41,K52 (13 Mpx),Lg,red ,3 GB RAM,64 GB,2,1.070,
42,7,Iphone,preto-fosco,128 GB,1,2.385,,
43,Galaxy A01 Core,Samsung,preto ,1 GB RAM,16 GB,2,639,
44,Tank Ii  24 Mb  Preto/,Blu,azul ,32 MB RAM,24 MB,2,166,
45,Twist S511,Positivo,cinza ,1 GB RAM,16 GB,2,453,
46,Poco M3    Cool,Xiaomi,blue ,4 GB RAM,128 GB,2,1.395,
47,Galaxy M31,Samsung,preto ,6 GB RAM,128 GB,2,1.799,
48,Xiaomi Redmi 9I  4Gb Ram Dual Sim 4G Tela 6.,Celular,53,4gb Ram,128gb,2,1.170,
49,Vita  32 Mb,Multilaser,preto ,24 MB RAM,32 MB,2,106,
50,Twist Mini S431,Positivo,dourado ,512 MB RAM,8 GB,2,366,
51,Multilaser P/ Idoso Teclas Grandes Câmera,Celular,Bluetooth,1,159,,,
52,"Lg K62+ 4G Tela 6,6  4Gb Ram",Smartphone,Branco,4gb Ram,128gb,1,1.499,
53,Redmi 9A,Xiaomi,verde ,2 GB RAM,32 GB,2,825,
54,Yc-130  32 Mb,Dl,preto ,32 MB RAM,32 MB,2,174,
55,7,Iphone,preto-fosco,32 GB,1,1.900,,
56,W201  32 Mb  Preto/,Infinity,vermelho ,32 MB RAM,32 MB,2,100,
57,Twist 3 S513,Positivo,vermelho ,1 GB RAM,32 GB,2,506,
58,2.3    Cyan,Nokia,green ,2 GB RAM,32 GB,2,749,
59,Flip Up  32 Mb,Multilaser,preto ,32 MB RAM,32 MB,2,155,
60,Redmi 9 (Global)   Carbon,Xiaomi,grey ,3 GB RAM,32 GB,2,988,
61,E6 Play,Moto,cinza-metálico ,2 GB RAM,32 GB,2,888,
62,"Lg K62 4G Tela 6,6  4Gb Ram",Smartphone,Vermelho,4gb Ram,64gb,1,1.199,
63,Samsung Galaxy M21S Tela 6.4  4Gb Ram -,Smartphone,Azul,4gb Ram,64gb,1,1.499,
64,P25  32 Mb,Positivo,preto ,32 MB RAM,32 MB,2,109,
65,Galaxy S10,Samsung,preto-prisma ,8 GB RAM,128 GB,2,2.799,
66,E6S (2020),Moto,cinza-titanium ,2 GB RAM,32 GB,2,849,
67,Vita Iv,Multilaser,preto,2,116,,,
68,Redmi 8,Xiaomi,preto-ônix ,4 GB RAM,64 GB,2,1.085,
69,12 Pro Max,Iphone,azul-pacífico,128 GB,1,9.999,,
70,Yc-130  32 Mb,Dl,preto ,32 MB RAM,32 MB,2,174,
71,L,Quantum,preto ,2 GB RAM,16 GB,2,584,
72,Redmi 8A    Preto-,Xiaomi,meia-noite ,2 GB RAM,32 GB,2,822,
73,"Lg K22 Tela 6,2  2Gb Ram Android",Smartphone,Azul,2gb Ram,32gb,1,741,
74,"Lg K22 Plus Tela 6,2  3Gb Ram Android",Smartphone,Titânio,3gb Ram,64gb,1,1.099,
75,Redmi Note 9    Cinza-,Xiaomi,meia-noite ,3 GB RAM,64 GB,2,1.365,
76,Galaxy S21 5G    Phantom,Samsung,gray ,8 GB RAM,128 GB,2,4.349,
77,12,Iphone,preto,64 GB,1,6.500,,
78,E,Multilaser,preto ,512 MB RAM,32 GB,2,420,
79,Twist S511,Positivo,cinza ,1 GB RAM,16 GB,2,453,
80,Mi 8 Lite    Midnight,Xiaomi,black ,4 GB RAM,64 GB,2,1.310,
81,12,Iphone,azul,128 GB,1,7.040,,
82,Obasmart 3,Obabox,preto ,1 GB RAM,16 GB,2,997,
83,12 Pro Max,Iphone,azul-pacífico,256 GB,1,9.999,,
84,"Lg K22 Tela 6,2  2Gb Ram Android",Smartphone,Vermelho,2gb Ram,32gb,1,722,
85,"Lg K22 Plus Tela 6,2  3Gb Ram Quad-Core",Smartphone,Verm,3gb Ram,64gb,1,1.099,
86,"Nokia C2 Nk011 Tl 5,7   (16+16 Cartão)1Gb",Smartphone,Ram,1gb Ram,32gb,1,639,
87,Xiaomi Redmi 9I  4Gb Ram Dual Sim 4G Tela 6.,Celular,53,4gb Ram,128gb,2,1.170,
88,Nokia  Nk009 Tl 5.3  4Gb Ram Verde,Smartphone,Ciano ,4gb Ram,128gb,1,1.499,
89,"Lg K52 4G Tela 6,59  3Gb Ram",Smartphone,Cinza,3gb Ram,64 Gb,1,1.099,
90,"Nokia C2 Nk010  ( +  Cartão) Tela 5,7",Celular,32gb,16gb,16gb,1,599,
91,"Lg K52 4G Tela 6,59  3Gb Ram",Smartphone,Verde,3gb Ram,64 Gb,1,1.399,
92,Multilaser P/ Idoso Teclas Grandes Câmera,Celular,Bluetooth,1,159,,,
93,"Lg K62+ 4G Tela 6,6  4Gb Ram",Smartphone,Branco,4gb Ram,128gb,1,1.499,
94,Samsung Galaxy A12 Tela 6.5  4Gb Ram,Smartphone,Verm,4gb Ram,64gb,1,1.399,
95,Asus Zb634Kl Zenfone Max Shot Plus  (+),Celular,128gb,64gb,64gb,1,999,
96,"Lg K62 4G Tela 6,6  4Gb Ram",Smartphone,Vermelho,4gb Ram,64gb,1,1.199,
97,Samsung Galaxy M21S Tela 6.4  4Gb Ram -,Smartphone,Azul,4gb Ram,64gb,1,1.499,
98,"Lg K22 Tela 6,2  2Gb Ram Android",Smartphone,Azul,2gb Ram,32gb,1,741,
99,"Lg K22 Plus Tela 6,2  3Gb Ram Android",Smartphone,Titânio,3gb Ram,64gb,1,1.099,
100,"Lg K22 Tela 6,2  2Gb Ram Android",Smartphone,Vermelho,2gb Ram,32gb,1,722,
101,"Lg K22 Plus Tela 6,2  3Gb Ram Quad-Core",Smartphone,Verm,3gb Ram,64gb,1,1.099,
102,Samsung Galaxy A01 Core Tela 5.3  2Gb Ram,Smartphone,Azl,2gb Ram,32gb,1,699,
103,"Lg K52 4G Tela 6,59  3Gb Ram",Smartphone,Vermelho,3gb Ram,64 Gb,1,1.070,
104,Samsung Galaxy A31 A315 Dual  4Gb Ram,Celular,Branco,4gb Ram,128gb,1,1.529,
105,Samsung Galaxy M21S Tela 6.4  4Gb Ram -,Smartphone,Pto,4gb Ram,64gb,1,1.499,
106,Samsung Galaxy A01 Core Dual 5.3   2Gb Ram,Celular,Azul,2gb Ram,32gb,1,688,
107,"Lg K22 Tela 6,2  2Gb Ram Android",Smartphone,Titânio,2gb Ram,32gb,1,999,
108,"Lg K41S 4G Tela 6,55  3Gb Ram Android",Smartphone,Titânio,3gb Ram,32gb,1,899,
109,Samsung Galaxy M31 Tela 6.4  6Gb Ram,Smartphone,Android,6gb Ram,128gb,1,1.799,
110,Asus Zb634Kl Zenfone Max Shot  (+),Celular,64gb,32gb,32gb,1,949,
111,"Lg K22 Tela 6,2  2Gb Ram Android",Smartphone,Vermelho,2gb Ram,32gb,1,722,
112,Samsung Galaxy A01 Core Tela 5.3  2Gb Ram,Smartphone,Azl,2gb Ram,32gb,1,699,
113,Samsung Galaxy M31 Tela 6.4  6Gb Ram,Smartphone,Android,6gb Ram,128gb,1,1.799,
114,Celular Multilaser Zapp 3G Dual Chip Idoso,Telefone,Whatsapp,1,235,,,
115,Samsung Galaxy M31 Tela 6.4  6Gb Ram -,Smartphone,Rosa,6gb Ram,128gb,1,1.799,
116,Samsung Galaxy A01 Core Dual 5.3   2Gb Ram,Celular,Preto,2gb Ram,32gb,1,689,
117,Samsung Galaxy A01  2Gb Ram Tela 5.7,Smartphone,Android,2gb Ram,32gb,1,735,
118,Samsung Galaxy A01  2Gb Ram Tela 5.7,Smartphone,Android,2gb Ram,32gb,1,735,
119,"Lg K52 4G Tela 6,59  3Gb Ram",Smartphone,Vermelho,3gb Ram,64 Gb,1,1.070,
120,"Lg K52 4G Tela 6,59  3Gb Ram",Smartphone,Vermelho,3gb Ram,64 Gb,1,1.070,
121,Multilaser E Lite Dual-Chip Android 8.1  Preto,Celular,32gb,1,429,,,
122,Samsung Galaxy A10S Tela De 6.2  2Gb,Smartphone,Ram,2gb Ram,32gb,1,1.099,
123,"Nokia C2 Nk011  ( +  Cartão) Tela 5,7",Celular,32gb,16gb,16gb,1,629,
124,"Lg K41S 4G Tela 6,55  3Gb Ram Android",Smartphone,Titânio,3gb Ram,32gb,1,899,
125,Samsung Galaxy A01 Tela 5.7  2Gb Ram,Smartphone,Android,2gb Ram,32gb,1,749,
126,Poco X3 Nfc Dual Sim  Cobalt,Xiaomi,Blue ,6 Gb Ram,128 Gb,2,2.022,
127,Samsung Galaxy A01 Core Tela 5.3  2Gb Ram,Smartphone,Pto,2gb Ram,32gb,1,699,
128,"Lg K22 Tela 6,2  2Gb Ram Android",Smartphone,Titânio,2gb Ram,32gb,1,999,
129,"Lg K41S 4G Tela 6,55  3Gb Ram Android",Smartphone,Titânio,3gb Ram,32gb,1,899,
130,Samsung Galaxy A01 Tela 5.7  2Gb Ram,Smartphone,Android,2gb Ram,32gb,1,749,
131,Samsung Galaxy M31 Tela 6.4  6Gb Ram -,Smartphone,Azul,6gb Ram,128gb,1,1.799,
132,"Lg K51S 4G Tela 6,55  3Gb Ram Android",Smartphone,Titânio,3gb Ram,64gb,1,1.090,
133,"Flip Vita Vermelho Dual Chip Quadriband P9021 2,4''",Celular,1,185,,,,
134,Samsung Galaxy A01 Core Tela 5.3  2Gb,Smartphone,Ram,2gb Ram,32gb,1,692,
135,"Lg K41S 4G Tela 6,55  3Gb Ram Android",Smartphone,Preto,3gb Ram,32gb,1,899,
136,Samsung Galaxy A10S Tela De 6.2  2Gb,Smartphone,Ram,2gb Ram,32gb,1,899,
137,Lg K41S Dual Sim  Titânio Octa,Celular,Core,32 Gb,2,929,,
138,Up Play Dual Chip 32 Mb Mp3 Preto P9076,Celular,Multilaser,32 Mb,1,113,,
139,Samsung Galaxy A01  2Gb Ram Tela 5.7,Smartphone,Android,2gb Ram,32gb,1,729,
140,Samsung Galaxy A01 Core Tela 5.3  2Gb Ram,Smartphone,Pto,2gb Ram,32gb,1,699,
141,"Lg K22 Tela 6,2  2Gb Ram Android",Smartphone,Titânio,2gb Ram,32gb,1,999,
142,Redmi Note 8 Pro Dual Sim,Xiaomi,Verde-floresta ,128 Gb,6 Gb,2,1.719,
143,Galaxy A10S Dual Sim  Preto  +,Samsung,Nf,2 Gb Ram,32 Gb,2,999,
144,Celular Simples Teclado Numérico Teclas,Aparelho,Grandes,1,129,,,
145,Asus Zb634Kl Zenfone Max Shot  (+),Celular,64gb,32gb,32gb,1,949,
146,Samsung Galaxy M21S Tela 6.4  4Gb Ram -,Smartphone,Pto,4gb Ram,64gb,1,1.499,
147,Note 9S  6Ram Original Global Capa+Lacrado +,Xiaomi,nf,128gb,1,1.839,,
148,Samsung Galaxy A11 Dual 6.4   3Gb Ram,Celular,Preto,3gb Ram,64gb,1,1.298,
149,Poco X3 Nfc Dual Sim  Shadow,Xiaomi,Gray ,6 Gb Ram,64 Gb,2,1.678,
150,Multilaser Dois Chip   Oba Fone,Smatphone,Idoso,1 Gb Ram,32 Gb,1,849,
151,Xiaomi Redmi 9  + 4Gb Ram Versão,Smartphone,Global,4gb Ram,64gb,1,1.072,
152,Xiaomi Redmi 9  + 4Gb Ram Versão,Smartphone,Global,4gb Ram,64gb,1,1.088,
153,Samsung Galaxy A31 Tela 6.4  4Gb Ram,Smartphone,Android,4gb Ram,128gb,1,1.649,
154,3 Obabox O Novo Smartphone Para A 3º Idade,Obasmart,Original,1,997,,,
155,Para Idosos Com Internet E Whatsapp Oba Smart,Celular,Obabox,1,997,,,
156,Samsung Galaxy A10S Dual 6.2  4G  A107,Celular,Azul,32gb,1,848,,
157,Samsung Galaxy A12 Tela 6.5  4Gb Ram,Smartphone,Azul,4gb Ram,64gb,1,1.699,
158,Redmi Note 8 Dual Sim  Neptune,Xiaomi,Blue ,4 Gb Ram,64 Gb,2,1.289,
159,Samsung Galaxy A51 Tela 6.5  4Gb Ram,Smartphone,Android,4gb Ram,128gb,1,1.899,
160,Samsung Galaxy A10S Dual 6.2  4G  A107,Celular,Azul,32gb,1,999,,
161,Redmi 9A Dual Sim,Xiaomi,Verde-majestoso ,2 Gb Ram,32 Gb,2,806,
162,Xiaomi Poco M3  6000 Mah + Capa +,Smartphone,Pelicula,64gb,1,1.216,,
163,Samsung Galaxy A10S Tela De 6.2  2Gb,Smartphone,Ram,2gb Ram,32gb,1,840,
164,Xiaomi Poco M3  4Gb Ram +Capa+ Pelicula+,Smartphone,fone,4gb Ram,128gb,1,1.358,
165,Positivo Rural Dual Sim Tela 1.8 P220 C/,Celular,rádio ,2,149,,,
166,"Multilaser H  6,3 Fhd Ram 6Gb Octa",Smartphone,Core,128gb,1,1.529,,
167,"Lg K22 Tela 6,2  2Gb Ram Android",Smartphone,Titânio,2gb Ram,32gb,1,999,
168,"Lg K41S 4G Tela 6,55  3Gb Ram Android",Smartphone,Preto,3gb Ram,32gb,1,899,
169,Samsung Galaxy M31 Tela 6.4  6Gb Ram -,Smartphone,Azul,6gb Ram,128gb,1,1.799,
170,Samsung Galaxy A01 Core Tela 5.3  2Gb,Smartphone,Ram,2gb Ram,32gb,1,692,
171,Samsung Galaxy A01  2Gb Ram Tela 5.7,Smartphone,Android,2gb Ram,32gb,1,729,
172,Galaxy A10S Dual Sim  Preto  +,Samsung,Nf,2 Gb Ram,32 Gb,2,999,
173,"Lg K52 4G Tela 6,59  3Gb Ram",Smartphone,Cinza,3gb Ram,64 Gb,1,1.099,
174,Samsung Galaxy A10S Tela De 6.2  2Gb,Smartphone,Ram,2gb Ram,32gb,1,899,
175,Samsung Galaxy A31 Tela 6.4  4Gb Ram,Smartphone,Android,4gb Ram,128gb,1,1.649,
176,Samsung Galaxy A31 Tela 6.4  4Gb Ram,Smartphone,Android,4gb Ram,128gb,1,1.649,
177,"Nokia C2 Nk010 Tl 5,7  (16+16 Cartão) 1Gb",Smartphone,Ram,1gb Ram,32gb,1,639,
178,"Lg K22 Plus Tela 6,2  3Gb Ram Quad-Core",Smartphone,Azul,3gb Ram,64gb,1,1.099,
179,Redmi 9 Dual Sim  Sunset,Xiaomi,Purple ,4 Gb Ram,64 Gb,2,1.199,
180,Xiaomi Note 8  4Gb Versão Global+Capa+,Celular,nota,64gb,1,1.419,,
181,Samsung Galaxy A21S Dual Sim,Celular,Azul ,4 Gb Ram,64 Gb,2,1.449,
182,"Samsung Galaxy A71  64Mp 6,7 6Gb Octa",Celular,Preto,128gb,1,2.099,,
183,Poco X3 Nfc Dual Sim  Cobalt,Xiaomi,Blue ,6 Gb Ram,64 Gb,2,1.657,
184,Para Idosos Com Internet E Whatsapp Oba Smart,Celular,Obabox,1,997,,,
185,"Nokia C2 Nk010 Tl 5,7  (16+16 Cartão) 1Gb",Smartphone,Ram,1gb Ram,32gb,1,639,
186,"Lg K22 Plus Tela 6,2  3Gb Ram Quad-Core",Smartphone,Azul,3gb Ram,64gb,1,1.099,
187,Multilaser F  1Gb Ram Quad Core Dual,Smartphone,Chip ,1gb Ram,32gb,1,487,
188,Samsung Galaxy Xcover Pro Tela 6.3  4Gb,Smartphone,Ram,4gb Ram,64gb,1,1.490,
189,Samsung Galaxy A11  3G Tela 6.4 Vermelho+,Celular,Nfe,64gb,1,1.299,,
190,"Multilaser Vita Idoso 3G 1,8 Fm Mp3 Base",Celular,Carregadora,1,229,,,
191,Redmi 9 Dual Sim  4Gb Ram Sky,Xiaomi,Blue,4gb Ram,64gb,2,1.200,
192,Redmi 8A,Xiaomi,azul-oceano ,4 GB RAM,64 GB,2,1.007,
193,Xiaomi Redmi 9A Dual Sim,Smartprone,Verde ,2 Gb Ram,32 Gb,2,816,
194,"Positivo P36 Dual Sim 3G Tela 1,8",Celular,128mb Ram,64mb,2,299,,
195,Samsung Galaxy S10 Tela De 6.1  8Gb Ram,Smartphone,Pto,8gb Ram,128gb,1,2.799,
196,"Lg K51S 4G Tela De 6,55  3Gb Ram",Smartphone,Android,3gb Ram,64gb,1,1.299,
197,Samsung Galaxy A71 Tela 6.7  6Gb Ram,Smartphone,Android,6gb Ram,128gb,1,2.899,
198,Samsung Galaxy S10+ Tela 6.4  8Gb,Smartphone,Ram,8gb Ram,128gb,1,4.499,
199,"Simples Modelo Lg B220 Original Ligação, Radio,",Celular,Dual,1,169,,,
200,S60 Lite    Mineral,Doogee,black ,4 GB RAM,32 GB,2,1.590,
201,Para Idoso Multilaser Vita 3G + Base,Celular,Carregadora ,1,267,,,
202,Samsung Galaxy A12 Tela 6.5  4Gb Ram,Smartphone,Bco,4gb Ram,64gb,1,1.399,
203,Asus Zenfone Max Pro M2 Dual  6Gb Ram,Celular,Preto,6gb Ram,64gb,1,1.249,
204,Multilaser Up Play Dual Sim  P/ Idoso Câmera,Celular,Mp3,32mb,2,129,,
205,Nokia Nk007 Tl 5.3   4Gb Ram,Smartphone,Carvão,4gb Ram,128gb,1,1.499,
206,Realme 7  Global 8Gb Ram + Capa +,Smartphone,Pelicula ,8gb Ram,128gb,1,1.699,
207,6,Realme,azul-cometa ,4 GB RAM,128 GB,2,1.549,
208,Y9 Prime 2019   Preto-,Huawei,meia-noite ,4 GB RAM,128 GB,2,1.640,
209,S42,Cat,preto ,3 GB RAM,32 GB,2,1.788,
210,Nokia 110 Preto Rádio Fm E Leitor Mp3 -,Celular,Nk006,1,151,,,
211,E6 Play,Moto,cinza-metálico ,2 GB RAM,32 GB,1,842,
212,Redmi Note 8 Pro   Versão Global+,Xiaomi,Nf-e,6 Gb Ram,128gb,1,1.605,
213,G Max,Multilaser,preto ,1 GB RAM,32 GB,2,628,
214,Para Idoso Multilaser Vita Flip Dual - Abre E,Celular,Fecha ,1,229,,,
215,Mi A1 Special Edition Red,Xiaomi,vermelho ,4 GB RAM,64 GB,2,1.129,
216,Redmi 9I  4Gb Ram -Lançamento 2020 Super,Xiaomi,Bateria,4gb Ram,128gb,1,1.185,
217,One Fusion+    Twilight,Motorola,blue ,4 GB RAM,128 GB,2,1.780,
218,6S,Iphone,cinza-espacial,64 GB,1,1.750,,
219,12 Pro Max,Iphone,ouro,128 GB,1,9.190,,
220,Motorola Moto G8 Plus Xt2019  4Gb 6.3,Celular,Seminovo ,64gb,1,1.288,,
221,Vita Iv Com Base,Multilaser,preto,2,165,,,
222,Barrinha Infinity Dual Chip Preto Entrada De,Celular,Antena ,1,94,,,
223,Samsung Galaxy A01 Dual Sim  Preto 2Gb,Smartphone,Ram,2gb Ram,32gb,2,739,
224,Samsung Galaxy A01 Core Dual 5.3   2Gb Ram,Celular,Preto,2gb Ram,32gb,1,689,
225,Samsung Galaxy A10S Dual 6.2  4G  A107,Celular,Azul,32gb,1,848,,
226,Samsung Galaxy A31 Tela 6.4  4Gb Ram,Smartphone,Android,4gb Ram,128gb,1,1.550,
227,Redmi 9 Dual Sim  Sunset,Xiaomi,Purple ,4 Gb Ram,64 Gb,2,1.199,
228,Samsung A21S Dual 6.5  Octa Core  4Gb Ram,Celular,Preto,4gb Ram,64gb,1,1.469,
229,"Samsung Galaxy A71  64Mp 6,7 6Gb Octa",Celular,Preto,128gb,1,2.099,,
230,Lg K41S K410Bmw Dual  3Gb Ram 6.5  Hd+,Celular,Titanium,3gb Ram,32gb,1,888,
231,Redmi Note 8  Moonlight White +Capa+,Xiaomi,nota,4 Gb Ram,64 Gb,1,1.441,
232,Samsung Galaxy Xcover Pro Dual  4Gb Ram,Celular,Preto,4gb Ram,64gb,1,1.490,
233,Xiaomi Redmi 9A Dual Sim,Smartprone,Verde ,2 Gb Ram,32 Gb,2,816,
234,"Simples Modelo Lg B220 Original Ligação, Radio,",Celular,Dual,1,169,,,
235,Galaxy A12 Dual 6.5  4Gb Ram Garantia De 1,Samsung,Ano,4gb Ram,64gb,1,1.218,
236,Up Play Dual Chip 32 Mb Mp3 Preto P9076,Celular,Multilaser,32 Mb,1,113,,
237,Multilaser Dois Chip   Oba Fone,Smatphone,Idoso,1 Gb Ram,32 Gb,1,849,
238,Barrinha Infinity Dual Chip Preto Entrada De,Celular,Antena ,1,94,,,
239,Multilaser E Lite Dual-Chip Android 8.1  Preto,Celular,32gb,1,429,,,
240,Lg G360 Dual Sim,Celular,Preto,2,248,,,
241,Bright Dual Chip Camera Lanterna Preto E Roxo,Celular,0417,1,89,,,
242,Redmi 8A    Preto-,Xiaomi,meia-noite ,2 GB RAM,32 GB,2,822,
243,Redmi Note 9,Xiaomi,verde-floresta ,4 GB RAM,64 GB,2,1.320,
244,Xr,Iphone,branco,128 GB,1,4.499,,
245,Bm70 32 Mb,L8Star,preto ,32 MB RAM,32 MB,1,159,
246,"Xiaomi Redmi 9 Prime  4Gb Novo, Lacrado,",Celular,Nf-e,128gb,1,1.449,,
247,Redmi Note 9 Pro (64 Mpx),Xiaomi,verde-tropical ,6 GB RAM,64 GB,2,1.999,
248,B26  8 Mb,Cat,preto ,8 MB RAM,8 MB,2,408,
249,Xiaomi Redmi 9I  4Gb Ram Dual-Sim Global,Smartphone,Nf,4gb Ram,128gb,1,1.270,
250,Redmi Note 8 Pro Dual Sim  Cinza-Mineral  R,Xiaomi,128 Gb,6 Gb,2,1.618,,
251,2 Chips Teclado Grande Idoso Camera Mp3,Celular,Lanterna,1,70,,,
252,Do Idoso Letra Grande Sos Tela 5  Smart,Celular,Oba,32gb,1,629,,
253,Mi 10 Lite   Cosmic,Xiaomi,gray ,6 GB RAM,64 GB,2,2.439,
254,Redmi Note 9S Dual Sim  6Gb Blue,Xiaomi,Nf,128 Gb,2,1.829,,
255,Nokia 110 Preto Rádio Fm E Leitor Mp3 -,Celular,Nk006,1,151,,,
256,Twist 3 S513,Positivo,vermelho ,1 GB RAM,32 GB,2,506,
257,Zenfone 4 Ze554Kl (Snapdragon 630),Asus,verde-menta ,4 GB RAM,64 GB,2,1.259,
258,L,Quantum,preto ,2 GB RAM,16 GB,2,584,
259,Redmi Note 9 Pro (48 Mpx)    Aurora,Xiaomi,blue ,4 GB RAM,64 GB,2,1.500,
260,P26  32 Mb,Positivo,preto ,32 MB RAM,32 MB,2,86,
261,G4 Plus,Moto,preto ,2 GB RAM,32 GB,2,829,
262,Dual Chip Alcatel On Touch 1052D Bluetooth Fm,Celular,Camera,1,98,,,
263,Xiaomi Redmi 8A Azul-Oceano Dual Sim  3Gb,Smartphone,Ram,3gb Ram,64gb,2,995,
264,Moto G8 Power Lite  Câmera Tripl Tela 6.5,Celular,Aqua,64gb,1,1.229,,
265,Redmi 9 (India)    Sky,Xiaomi,blue ,4 GB RAM,128 GB,2,1.189,
266,"Positivo Twist 2 Go S541 Preto Com 8Gb, Tela 5",Smartphone,1,426,,,,
267,Moto Z3 Play Dual Chip,Motorola,Seminovo,64gb,1,839,,
268,Vita 3G Dual Chip Com Base Carregadora Preto,Celular,P9091,1,234,,,
269,"Semp Tcl L7  2Gb Ram Android 5,5",Smartphone,Polegadas,2gb Ram,32gb,1,1.018,
270,Motorola Moto G5 Plus  /,Celular,Brindes ,32gb,1,829,,
271,Idosos Internet E Whatsapp Oba Smart 3 Gold,Celular,Obabox,1,997,,,
272,Iphone 7  Vitrine + Brinde  12X Sem,Apple,Juros,32 Gb,1,1.688,,
273,Samsung Galaxy A01 Core Tela 5.3  2Gb Ram,Smartphone,Pto,2gb Ram,32gb,1,699,
274,Samsung Galaxy A10S Dual 6.2  4G  A107,Celular,Azul,32gb,1,999,,
275,Samsung Galaxy A31 A315 Dual  4Gb Ram,Celular,Preto,4gb Ram,128gb,1,1.529,
276,Samsung A21S Dual 6.5  Octa Core  4Gb Ram,Celular,Preto,4gb Ram,64gb,1,1.469,
277,Xiaomi Redmi 9  + 4Gb Ram +Capa+Pelicula+,Smartphone,fone,4gb Ram,64gb,1,1.178,
278,Multilaser F  1Gb Ram Quad Core Dual,Smartphone,Chip ,1gb Ram,32gb,1,487,
279,Redmi Note 8 Dual Sim  Space,Xiaomi,Black ,4 Gb Ram,128 Gb,2,1.535,
280,Lg K71 Tela 6.8  4Gb Ram Octa-Core 2.3,Smartphone,4gb Ram,128gb,1,2.299,,
281,Samsung Galaxy Xcover Pro Tela 6.3  4Gb,Smartphone,Ram,4gb Ram,64gb,1,1.490,
282,Galaxy A12 Dual 6.5  4Gb Ram Garantia De 1,Samsung,Ano,4gb Ram,64gb,1,1.218,
283,Lg B220 Dual Sim Preto  Original Novo,Celular,Barato,32mb Ram,2,135,,
284,Xiaomi Redmi 9A Dual Sim,Smartphone,Azul ,2 Gb Ram,32 Gb,2,816,
285,Celular Para Idoso Dual Chip Facil Utilizar Up,Telefone,Play,1,84,,,
286,Redmi Note 9 Dual Sim,Xiaomi,Branco-polar ,3 Gb Ram,64 Gb,2,1.410,
287,Xiaomi Redmi Note 9 Pro  6Gb,Celular,Ram ,6gb Ram,128gb,1,2.099,
288,Xiaomi Redmi 9I  4Gb Ram Dual-Sim Global,Smartphone,Nf,4gb Ram,128gb,1,1.270,
289,Redmi Note 8 Pro Dual Sim  Cinza-Mineral  R,Xiaomi,128 Gb,6 Gb,2,1.618,,
290,P25  32 Mb,Positivo,preto ,32 MB RAM,32 MB,2,109,
291,Samsung Galaxy A21S Tela 6.5  4Gb Ram,Smartphone,Preto,4gb Ram,64gb,1,1.899,
292,Samsung Galaxy A02S Tela 6.5  3Gb Ram,Smartphone,Azul,3gb Ram,32gb,1,1.499,
293,C,Moto,preto-brilhante ,1 GB RAM,16 GB,2,598,
294,Nova 5T,Huawei,black ,8 GB RAM,128 GB,2,2.499,
295,Redmi Note 9S Cinza-Interestelar  Global +,Xiaomi,nf,4 Gb Ram,1,1.599,,
296,E5 Play (Go Edition),Moto,preto ,1 GB RAM,16 GB,2,740,
297,Yc-230  32 Mb  Preto/,Dl,laranja ,32 MB RAM,32 MB,2,104,
298,7 Plus,Iphone,ouro,32 GB,1,2.740,,
299,G5 Plus,Moto,cinza-lunar ,4 GB RAM,64 GB,1,984,
300,Dual Chip Alcatel On Touch 1052D Bluetooth Fm,Celular,Camera,1,98,,,
301,Xiaomi Redmi 8A Azul-Oceano Dual Sim  3Gb,Smartphone,Ram,3gb Ram,64gb,2,995,
302,Samsung Galaxy A12 Tela 6.5  4Gb Ram,Smartphone,Bco,4gb Ram,64gb,1,1.399,
303,Galaxy A12 Dual 6.5  4Gb Ram Garantia De 1,Samsung,Ano,4gb Ram,64gb,1,1.218,
304,Moto G8 Power Lite  Câmera Tripl Tela 6.5,Celular,Aqua,64gb,1,1.229,,
305,"Positivo Twist 2 Go S541 Preto Com 8Gb, Tela 5",Smartphone,1,426,,,,
306,Moto Z3 Play Dual Chip,Motorola,Seminovo,64gb,1,839,,
307,Vita 3G Dual Chip Com Base Carregadora Preto,Celular,P9091,1,234,,,
308,Motorola Moto G5 Plus  /,Celular,Brindes ,32gb,1,829,,
309,Do Idoso Letra Grande Sos Tela 4  Lite Smart,Celular,Oba,32gb,1,499,,
310,Idosos Internet E Whatsapp Oba Smart 3 Gold,Celular,Obabox,1,997,,,
311,E6 Play,Moto,cinza-metálico ,2 GB RAM,32 GB,2,888,
312,P30  128 Mb,Positivo,preto ,64 MB RAM,128 MB,2,218,
313,Iphone 7  Vitrine + Brinde  12X Sem,Apple,Juros,32 Gb,1,1.688,,
314,3G Teclado Grande Idoso 2 Chips Lanterna,Celular,Mp3,1,120,,,
315,Poco X3 |   - Versão Global.,Xiaomi,6 Gb Ram,128gb,1,1.964,,
316,E7 Plus    Bronze,Moto,âmbar ,4 GB RAM,64 GB,2,1.059,
317,E6S (2020),Moto,vermelho-magenta ,2 GB RAM,32 GB,2,819,
318,Multilaser Vita Idoso Dual Chip Bluetooth Com,Celular,Base,1,169,,,
319,B220A  32 Mb,Lg,preto ,32 MB RAM,32 MB,2,122,
320,L5,Tcl,preto-metálico ,1 GB RAM,8 GB,1,659,
321,"Motorola Moto G 5G Prisma Android 10 6,7",Smartphone,1,3.148,,,,
322,Do Idoso  Letras Grandes Sos Mp3 Smart,Celular,Oba,32gb,1,599,,
323,Positivo S509C  Dual Chip 5 Polegadas,Smartphone,Dourado,32gb,1,499,,
324,Yc-335  32 Mb,Dl,azul ,32 MB RAM,32 MB,2,110,
325,Max,Blu,cinza ,1 GB RAM,8 GB,2,512,
326,Redmi 9C   Midnight,Xiaomi,gray ,2 GB RAM,32 GB,2,945,
327,Positivo P70S Dual Sim 512 Mb,Celular,Whatsapp,256 Mb Ram,512 Mb,2,279,
328,Moto G5S /2 Ram |,Motorola,Brindes,32gb,1,829,,
329,Xiaomi Redmi Note 8  4Gb Ram Versão,Smartphone,Global,4gb Ram,64gb,1,1.315,
330,Samsung Galaxy A01 Core Dual 5.3   2Gb Ram,Celular,Preto,2gb Ram,32gb,1,689,
331,Samsung Galaxy A10S Dual 6.2  4G  A107,Celular,Azul,32gb,1,848,,
332,Samsung Galaxy A21S Dual Sim  Preto +,Celular,nf,4 Gb Ram,64 Gb,2,1.449,
333,Samsung Galaxy A31 A315 Dual  4Gb Ram,Celular,Preto,4gb Ram,128gb,1,1.539,
334,"7 Plus  Tela 5,5 Apple 4K Promocão -",Iphone,Vitrine,32 Gb,1,2.147,,
335,Para Idosos Com Internet E Whatsapp Oba Smart,Celular,Obabox,1,997,,,
336,Nokia 110 Preto Rádio Fm E Leitor Mp3 -,Celular,Nk006,1,151,,,
337,Idosos Internet E Whatsapp Oba Smart 3 Gold,Celular,Obabox,1,997,,,
338,Redmi Note 9S Cinza-Interestelar  Global +,Xiaomi,nf,4 Gb Ram,1,1.599,,
339,Redmi 9 (India)    Sky,Xiaomi,blue ,4 GB RAM,128 GB,2,1.189,
340,Moto G9 Play  4Gb Tela 6.5,Smartphone,Qualcomm,64gb,1,1.873,,
341,Galaxy S20+   Cosmic,Samsung,black ,8 GB RAM,128 GB,1,3.699,
342,Samsung Galaxy A71  4G Tela 6.9,Smartphone,Polegadas,128gb,1,2.331,,
343,"Motorola Moto G 5G Prisma Android 10 6,7",Smartphone,1,3.148,,,,
344,K4 Novo,Lg,chocolate ,1 GB RAM,8 GB,2,718,
345,1,Alcatel,preto-metálico ,1 GB RAM,16 GB,1,553,
346,"Multilaser H  6,3 Fhd Ram 6Gb Octa",Smartphone,Core,128gb,1,1.529,,
347,"Lg K62+ 4G Tela 6,6  4Gb Ram",Smartphone,Azul,4gb Ram,128gb,1,1.899,
348,Galaxy A12 Dual 6.5  4Gb Ram Garantia De 1,Samsung,Ano,4gb Ram,64gb,1,1.218,
349,Xiaomi Redmi Note 9 Pro  6Gb,Celular,Ram ,6gb Ram,128gb,1,2.099,
350,Redmi Note 9 Dual Sim  Verde-Floresta,Xiaomi,4 Gb Ram,128 Gb,2,1.610,,
351,12 Mini,Iphone,branco,64 GB,1,5.799,,
352,Twist Mini S430,Positivo,cinza ,512 MB RAM,8 GB,2,476,
353,Motorola Moto G8 Power Lite  6.5,Smartphone,Polegadas,64gb,1,1.199,,
354,12 Pro,Iphone,ouro,128 GB,1,8.799,,
355,Redmi 9 Dual Sim  Sunset,Xiaomi,Purple ,4 Gb Ram,64 Gb,2,1.199,
356,Pixel 5   Just,Google,black ,8 GB RAM,128 GB,1,7.599,
357,Positivo Rural Dual Sim Tela 1.8 P220 C/,Celular,rádio ,2,149,,,
358,Nokia Nk007 Tl 5.3   4Gb Ram,Smartphone,Carvão,4gb Ram,128gb,1,1.499,
359,"Lg K62 4G Tela 6,6  4Gb Ram",Smartphone,Azul,4gb Ram,64gb,1,1.199,
360,Samsung Galaxy A51  6.5,Smartphone,128gb,1,2.698,,,
361,Redmi 9I  4Gb Ram -Lançamento 2020 Super,Xiaomi,Bateria,4gb Ram,128gb,1,1.185,
362,Galaxy A01,Samsung,preto ,2 GB RAM,32 GB,1,775,
363,Mi Note 10 Lite    Preto-,Xiaomi,meia-noite ,6 GB RAM,64 GB,2,2.988,
364,Redmi Note 8 Pro   Versão Global+,Xiaomi,Nf-e,6 Gb Ram,128gb,1,1.605,
365,Nokia 2.3 Nk003 4G  2Gb Ram Tela Hd+ 6.2,Celular,Cinza,2gb Ram,32gb,1,799,
366,Galaxy A10S,Samsung,vermelho ,2 GB RAM,32 GB,1,903,
367,11 Pro  Verde-,Iphone,meia-noite,256 GB,1,9.000,,
368,Galaxy J6+,Samsung,vermelho ,3 GB RAM,32 GB,1,1.399,
369,Galaxy A10,Samsung,azul ,2 GB RAM,32 GB,2,950,
370,Xiaomi Redmi 9A Dual Sim,Smartprone,Verde ,2 Gb Ram,32 Gb,2,816,
371,G9 Play,Moto,azul-safira ,4 GB RAM,64 GB,1,1.288,
372,Up Play Dual Chip 32 Mb Mp3 Preto P9076,Celular,Multilaser,32 Mb,1,113,,
373,G6 Play,Moto,índigo-escuro ,3 GB RAM,32 GB,2,969,
374,Moto E6S  Dual Chip Tela 6.1,Smartphone,Polegadas,32gb,1,1.273,,
375,Poco X3  6Gb Nfc Original Lacrado Azul,Xiaomi,Nfiscal,128 Gb,1,2.039,,
376,Xs Max,Iphone,prata,256 GB,1,6.498,,
377,Moto E6S  4Gb Tela 6.1 Polegadas Dual,Smartphone,Chip,64gb,1,1.393,,
378,Motorola Moto E7 Plus Bronze Ambar  Cam 48Mp,Celular,2mp,64gb,1,1.099,,
379,Redmi Note 9 Pro Max    Aurora,Xiaomi,blue ,6 GB RAM,64 GB,2,1.998,
380,L4,Blu,ciano ,512 MB RAM,8 GB,2,349,
381,Galaxy A11  3Gb Ram Tela 6.4 Android,Samsung,10,3gb Ram,64gb,1,1.723,
382,"12 Pro Max Azul,  Tela De 6,7 ,  -",Iphone,Mgda3bza,128 Gb,1,9.999,,
383,11 Pro,Iphone,cinza-espacial,64 GB,1,7.317,,
384,K10 Power Tv,Lg,índigo ,2 GB RAM,32 GB,2,1.399,
385,Redmi Note 8  4Gb Ram Versão Global +,Xiaomi,Nota,4gb Ram,64gb,1,1.269,
386,Galaxy A01 Core Dual Sim,Samsung,Azul ,2 Gb Ram,32 Gb,2,779,
387,Galaxy A10S Dual Sim  Preto  +,Samsung,Nf,2 Gb Ram,32 Gb,2,999,
388,Redmi Note 9S  + 6Gb Ram Vs Global +,Xiaomi,Nota,6gb Ram,128gb,1,1.749,
389,Redmi 9  4Gb Ram Dual Global Pelic+Fone+Capa+,Xiaomi,nf,4gb Ram,128gb,1,1.310,
390,Samsung Galaxy A51  4Gb Ram Octa,Smartphone,Core,4gb Ram,128gb,1,1.799,
391,Samsung Galaxy A31 A315 Dual  4Gb Ram,Celular,Branco,4gb Ram,128gb,1,1.599,
392,Samsung Galaxy A12 Tela 6.5  4Gb Ram,Smartphone,Bco,4gb Ram,64gb,1,1.399,
393,Samsung Galaxy A02S Tela 6.5  3Gb Ram,Smartphone,Azul,3gb Ram,32gb,1,1.499,
394,Redmi Note 9 Pro (64 Mpx) Dual Sim,Xiaomi,Verde-tropi,128 Gb,2,1.944,,
395,7 Plus  Original C/ Garantia E Nota -,Iphone,Vitrine ,128gb,1,2.599,,
396,Poco X3  6Gb Nfc Original Lacrado Cinza,Xiaomi,Nfiscal,128 Gb,1,2.039,,
397,Redmi Note 9 Pro  +6Gb Ram Versão,Xiaomi,Global,6gb Ram,128gb,1,1.899,
398,Xiaomi Redmi 9A Dual Sim,Smartphone,Azul ,2 Gb Ram,32 Gb,2,816,
399,Iphone 8 Vitrine  Dourado Garantia +,Apple,Brindes,128gb,1,2.499,,
400,Moto E7 Plus  4Gb Tela 6.5,Smartphone,Polegadas,64gb,1,1.618,,
401,Barato Samsung J1 Mini 8Gb 1Chip J105M -,Celular,Vitrine,1,492,,,
402,Samsung Galaxy A11 -,Smartphone,64 Gb,1,1.199,,,
403,"Positivo P26 Dual Chip 2G Tela 1,8",Celular,32mb Ram,32mb,1,199,,
404,Flip  Idosos 2 Chips Radio Fm Camera,Celular,Azul,1,118,,,
405,Asus Zb634Kl Zenfone Max Shot  (+),Celular,Verm,64gb,32gb,32gb,1,1.099
406,Lg B220 Dual Sim Preto  Original Novo,Celular,Barato,32mb Ram,2,135,,
407,Redmi Note 8 Pro /6Gb Versão Global+Nota,Xiaomi,Lacrado,128gb,1,1.619,,
408,Vita Iv Com Base,Multilaser,preto,2,165,,,
409,Galaxy A31   Prism Crush,Samsung,black ,4 GB RAM,128 GB,1,1.599,
410,Mi 10T Lite 5G 6Gb Ram  Versão,Xiaomi,Global,6gb Ram,128gb,1,2.699,
411,Galaxy S20+   Cosmic,Samsung,black ,8 GB RAM,128 GB,1,3.699,
412,Xiaomi Redmi 9I  4Gb Ram Dual-Sim Global,Smartphone,Nf-e,4gb Ram,64gb,1,1.150,
413,Samsung A01  5.7 2Gb,Smartphone,Ram,2gb Ram,32gb,1,1.042,
414,"Philco Hit P10 Tela 6,2   Space",Smartphone,Gray,4 Gb Ram,128gb,1,1.299,
415,Samsung Galaxy A02S Tela 6.5  3Gb Ram,Smartphone,Pto,3gb Ram,32gb,1,1.499,
416,K4 Novo,Lg,chocolate ,1 GB RAM,8 GB,2,718,
417,Motorola Moto G5 Plus  /,Celular,Brindes ,32gb,1,829,,
418,1,Alcatel,preto-metálico ,1 GB RAM,16 GB,1,553,
419,Idosos Internet E Whatsapp Oba Smart 3 Gold,Celular,Obabox,1,997,,,
420,12 Mini,Iphone,branco,64 GB,1,5.799,,
421,12 Pro,Iphone,ouro,128 GB,1,8.799,,
422,Galaxy S10+  Usado Preto,Samsung,Excelente,128gb,1,2.339,,
423,Xiaomi Redmi 9  4 De Ram Dual,Smartphone,Chip,64gb,1,1.080,,
424,Galaxy A01,Samsung,preto ,2 GB RAM,32 GB,1,775,
425,Lg K22  2Gb Ram Tela De 6.2 Camera Dupla,Smartphone,13mp,2gb Ram,32gb,1,1.048,
426,Galaxy A10S,Samsung,vermelho ,2 GB RAM,32 GB,1,903,
427,Galaxy J6+,Samsung,vermelho ,3 GB RAM,32 GB,1,1.399,
428,Moto G9 Play  4Gb Ram Câm Trip. Tela 6.5,Celular,Rosa,4gb Ram,64gb,1,1.560,
429,"Semp Tcl L7  2Gb Ram Android 5,5",Smartphone,Polegadas,2gb Ram,32gb,1,1.018,
430,Galaxy A10,Samsung,azul ,2 GB RAM,32 GB,2,950,
431,G9 Play,Moto,azul-safira ,4 GB RAM,64 GB,1,1.288,
432,Positivo Twist 3 S513  Tela 5.5,Smartphone,Polegadas,32gb,1,793,,
433,Redmi Note 9 Pro  6Gb Ram Versao Global+,Xiaomi,Nota,6gb Ram,128gb,1,2.088,
434,3G Teclado Grande Idoso 2 Chips Lanterna,Celular,Mp3,1,120,,,
435,2 Chips Teclado Grande Idoso Camera Mp3,Celular,Lanterna,1,70,,,
436,G6 Play,Moto,índigo-escuro ,3 GB RAM,32 GB,2,969,
437,Samsung Galaxy J5 J500 Dual Chip,Smartphone,Vitrine,16gb,1,697,,
438,L5,Tcl,preto-metálico ,1 GB RAM,8 GB,1,659,
439,"Lg K41S 6,55 3Gb Ram  Dual Chip Octa Core",Celular,Preto,3gb Ram,32gb,1,999,
440,Samsung Galaxy A-12  Dual,Celular,Sm-a125mzkszto,64gb,1,1.559,,
441,Xiaomi Redmi 9  + 4Gb Ram +Capa+Pelicula+,Smartphone,fone,4gb Ram,64gb,1,1.098,
442,Galaxy A10S Dual Sim  Azul  +,Samsung,Nf,2 Gb Ram,32 Gb,2,999,
443,Xiaomi Redmi Note8 64G 4G Versão Global+Nota,Celular,Lacrado,1,1.336,,,
444,Note 9S Aurora Blue 4Gb Ram  Rom.,Redmi,4gb Ram,64gb,1,1.597,,
445,Xiaomi Redmi Note 9  / 4 Ram  Global +,Celular,Capa ,128gb,1,1.465,,
446,Samsung Galaxy A12 Tela 6.5  4Gb,Smartphone,Ram,4gb Ram,64gb,1,1.239,
447,Poco X3 Nfc Dual Sim   +,Xiaomi,Nota,6 Gb Ram,64 Gb,2,1.669,
448,Xiaomi Redmi 9  4Gb Ram Dual V. Global,Celular,Original ,4gb Ram,64gb,1,1.219,
449,Smartphone Xiomi Redmi 9 Dual Chip / 4Gb -,Celular,Azul ,64gb,1,1.259,,
450,Xiaomi Redmi 9I  4Gb Ram Dual Sim,Celular,Original,4gb Ram,128gb,2,1.189,
451,A01 Core Samsung -,Galaxy,32gb,1,665,,,
452,Multilaser Up Play P9076 Dual 2G,Celular,Preto,32mb,1,119,,
453,"11 Preto, Com Tela De 6,1 , 4G,  - Mhdh3Br/A",Iphone,128 Gb,1,5.506,,,
454,Motorola Moto E6S  Tela De 6.1  4G Câm. 13Mp+,Celular,2mp,32gb,1,819,,
455,Redmi Note 8 Pro 6Gb  Versao Global Lacrado,Celular,128gb,1,1.619,,,
456,Samsung Galaxy A11 -,Smartphone,64 Gb,1,1.199,,,
457,6S,Iphone,ouro,128 GB,1,2.020,,
458,Galaxy S21 5G    Phantom,Samsung,gray ,8 GB RAM,128 GB,2,4.349,
459,Samsung Galaxy S10 Tela De 6.1  8Gb,Smartphone,Ram,8gb Ram,128gb,1,2.799,
460,"Philco Hit P10 Tela 6,2   Space",Smartphone,Gray,4 Gb Ram,128gb,1,1.299,
461,Iphone 8 Plus Vitrine  Original Apple Em  12X Sem,Iphone,Juros,64gb,1,2.999,,
462,Lg K22 Lmk200Bmw 2Gb,Smartphone,Azul,32gb,1,819,,
463,Galaxy A31  Câmera Quádrupla 48Mp+ 5Mp+8Mp +,Celular,5mp,128gb,1,1.549,,
464,One Action    Pearl,Motorola,white ,4 GB RAM,128 GB,2,1.349,
465,K11+,Lg,preto ,3 GB RAM,32 GB,2,815,
466,G6 Play,Moto,índigo-escuro ,3 GB RAM,32 GB,2,969,
467,Edge    Solar,Motorola,black ,6 GB RAM,128 GB,2,2.899,
468,"C2-01 3G, 3.2Mp, Bluetooth, Radio Fm, Mp3 -",Nokia,Exposição,1,379,,,
469,Poco X3    Out Of The,Xiaomi,blue ,6 GB RAM,64 GB,2,1.890,
470,"Lg K62+ 4G Tela 6,6  4Gb Ram",Smartphone,Azul,4gb Ram,128gb,1,1.899,
471,"Multilaser Vita Idoso 3G 1,8 Fm Mp3 Base",Celular,Carregadora,1,219,,,
472,Powerphone Pw020  32 Mb,Dl,preto ,32 MB RAM,32 MB,2,249,
473,C3    Volcano,Realme,gray ,3 GB RAM,64 GB,2,965,
474,"Lg K62 Azul, Tela De 6,59 , 4G,  -",Smartphone,Lmk520bmw,64gb,1,1.295,,
475,Flip  Idosos 2 Chips Radio Fm Camera,Celular,Azul,1,118,,,
476,Redmi Note 7 (48 Mpx)    Neptune,Xiaomi,blue ,4 GB RAM,128 GB,2,1.400,
477,K40    Aurora,Lg,black ,2 GB RAM,32 GB,2,819,
478,Positivo Twist 3 S513  Tela 5.5,Smartphone,Polegadas,32gb,1,793,,
479,Redmi 9  Dual Sim 4Gb Ram Tela 6.,Xiaomi,53,4gb Ram,128gb,2,1.299,
480,L5,Blu,lima ,512 MB RAM,16 GB,2,460,
481,Positivo  Dual Chip Câmera Bluetooth,Celular,P28,24mb,1,145,,
482,9300 Curve 3G Novo Anatel!Nf+Fone+2Gb+Cabo+,Blackberry,garant,1,169,,,
483,,Blackberry,Evolve ,64gb,1,1.699,,
484,"7 Plus  Tela 5,5 Apple 4K Promocão -",Iphone,Vitrine,32 Gb,1,2.147,,
485,Xiaomi Redmi 8A,Celular,Azul ,4 Gb Ram,64 Gb,1,910,
486,Lg K20 Lm X120Bmw Dual Chip  4G 1Gb Ram,Celular,Preto,1gb Ram,16gb,1,720,
487,S60   Preto/,Cat,prata ,3 GB RAM,32 GB,1,2.380,
488,Nokia 110 Rádio Fm Mp3 Câmera Vga E 4 Jogos,Celular,Nk006,1,169,,,
489,Iphone 8 Vitrine  Dourado Garantia +,Apple,Brindes,128gb,1,2.499,,
490,Twist Mini S430,Positivo,cinza ,512 MB RAM,8 GB,2,476,
491,Xiaomi Redmi 9A  Dual,Smartphone,Chip,32gb,1,829,,
492,Simples Idoso Positivo P26 Dual Chip Câmera,Celular,Fm ,1,176,,,
493,Poco M3   4Gb Ram  Global + Nota,Xiaomi,Fiscal,4gb Ram,64gb,1,1.237,
494,Motorola Moto G8 Power Lite  6.5,Smartphone,Polegadas,64gb,1,1.199,,
495,Positivo S431 Twist Mini Dual Rosa 90 Dias,Celular,Garantia,1,320,,,
496,Galaxy J5 Prime Preto,Samsung,Bom,1,679,,,
497,Xiaomi Redmi Note 8  4Gb Ram Versão,Smartphone,Global,4gb Ram,64gb,1,1.349,
498,Samsung Galaxy A01 Core  2Gb,Smartphone,Ram,2gb Ram,32gb,1,1.003,
499,Xiaomi Redmi 9  + 4Gb Ram +Capa+Pelicula+,Smartphone,fone,4gb Ram,64gb,1,1.098,
500,Redmi Note 9S  6Gb Ram Versao Global+,Xiaomi,Nota,6gb Ram,128gb,1,1.759,
501,Samsung Galaxy A10S  Tela 6.2 2Gb,Smartphone,Azul,32gb,1,1.372,,
502,9A  2Ram 100% Original Pelicula Envio Imediato,Xiaomi,Hj,32gb,1,934,,
503,Galaxy A31  Câmera Quádrupla 48Mp+ 5Mp+8Mp +,Celular,5mp,128gb,1,1.480,,
504,3 Gold Obabox Smartphone Para A Terceira,Obasmart,Idade,1,997,,,
505,Redmi Note 9S  + 6Gb Ram - Versão,Xiaomi,Global,6gb Ram,128gb,1,1.815,
506,7 Plus  Original C/ Garantia E Nota -,Iphone,Vitrine ,128gb,1,2.599,,
507,Redmi 9I  / 4Gb Ram / Dual Sim / 4G / Tela 6.,Xiaomi,53,4gb Ram,128gb,2,1.149,
508,Poco X3 Nfc Dual Sim   +,Xiaomi,Nota,6 Gb Ram,64 Gb,2,1.669,
509,"Xr Preto, Com Tela De 6,1 , 4G,  - Mh6M3Br/A",Iphone,64 Gb,1,4.416,,,
510,"11 Branco, Com Tela De 6,1 , 4G,  - Mhdj3Br/A",Iphone,128 Gb,1,5.506,,,
511,8 Vitrine  Original Exposição 12X Sem,Iphone,Juros,64 Gb,1,2.199,,
512,Redmi Note 8 Pro  6Gb Ram Global +,Xiaomi,Nota,6gb Ram,128gb,1,1.598,
513,"12 Pro Max Grafite, Tela De 6,7 ,  - Mgd73Bz/A",Iphone,128 Gb,1,9.427,,,
514,Redmi Note 9 Pro  6Gb Ram Global,Xiaomi,Lacrada,6gb Ram,128gb,1,2.029,
515,"Philco Hit P10 Tela 6,2",Smartphone,Dourado,4 Gb Ram,128gb,1,1.299,
516,"Samsung Galaxy S21  5G Tela 6,2   8Gb",Smartphone,Ram,8gb Ram,128gb,1,5.999,
517,Motorola One Fusion  4Gb Ram 48Mp,Smartphone,Azul,4gb Ram,128gb,1,1.899,
518,X,Iphone,prata,256 GB,1,5.250,,
519,Samsung Galaxy A51 -,Smartphone,128 Gb,1,1.999,,,
520,Iphone 8 Plus  Original Vitrine Desbloqueado,Apple,12x,64gb,1,2.999,,
521,7  Original Pronta Entrega -,Iphone,Vitrine,32 Gb,1,1.780,,
522,Galaxy J8  Preto,Samsung,Bom,64gb,1,819,,
523,G9 Plus Dual Sim,Moto,Azul-índigo ,4 Gb Ram,128 Gb,2,2.089,
524,K40   Aurora,Lg,black ,2 GB RAM,32 GB,1,811,
525,G Pro,Multilaser,preto ,2 GB RAM,32 GB,2,770,
526,Samsung Galaxy A02S Tela 6.5  3Gb Ram,Smartphone,Verm,3gb Ram,32gb,1,1.499,
527,Redmi 9 Dual Sim   + Nf + S/,Xiaomi,Juros,4 Gb Ram,64 Gb,2,1.200,
528,A8  32 Mb  Preto/,Ipro,azul ,32 MB RAM,32 MB,2,123,
529,Galaxy A01  5.7 Octa-Core 2.0 Ghz 13Mp -,Samsung,Preto,32gb,1,853,,
530,Redmi 9  Dual Sim 4Gb Ram Tela 6.,Xiaomi,53,4gb Ram,128gb,2,1.299,
531,Mi 10,Xiaomi,verde-coral ,8 GB RAM,128 GB,1,5.049,
532,Mi 10 Lite Dual Sim  Gris,Xiaomi,Cósmico ,6 Gb Ram,64 Gb,2,2.444,
533,6S,Iphone,cinza-espacial,16 GB,1,1.499,,
534,Xs Max,Iphone,prata,256 GB,1,6.498,,
535,"Lg K62 Azul, Tela De 6,59 , 4G,  -",Smartphone,Lmk520bmw,64gb,1,1.295,,
536,Motorola Moto G8 Power Android Tela 6.4,Smartphone,4g ,64gb,1,1.699,,
537,Lg K22  13Mp Tela 6.2 Pol Titânio,Smartphone,Lm-k200bmw,32gb,1,899,,
538,Se (2Nd Generation),Iphone,preto,64 GB,1,3.400,,
539,Samsung Galaxy S10+ Tela 6.4  8Gb,Smartphone,Ram,8gb Ram,128gb,1,4.499,
540,Motorola Moto E6S  Tela De 6.1  4G Câm. 13Mp+,Celular,2mp,32gb,1,789,,
541,Celular Multilaser Zapp 3G Dual Chip Idoso,Telefone,Whatsapp,1,249,,,
542,Twist Mini S430,Positivo,cinza ,512 MB RAM,8 GB,2,476,
543,G4,Lg,dourado-brilhante ,3 GB RAM,32 GB,1,975,
544,Multilaser Vita Idoso Dual Chip Bluetooth Com,Celular,Base,1,169,,,
545,Motorola Xt1683 Moto G5 Plus,Smartphone,32gb,1,829,,,
546,Asus Zenfone Max Pro M2 Dual  6Gb Ram,Celular,Preto,6gb Ram,64gb,1,1.249,
547,K10 Power Tv,Lg,índigo ,2 GB RAM,32 GB,2,1.399,
548,K8 Plus    Fine,Lenovo,gold ,3 GB RAM,32 GB,2,799,
549,Xiaomi Redmi 8A Azul-Oceano Dual Sim  3Gb,Smartphone,Ram,3gb Ram,64gb,2,995,
550,Motorola Moto E7 Plus Bronze Ambar  Cam 48Mp,Celular,2mp,64gb,1,1.179,,
551,11 Pro,Iphone,cinza-espacial,64 GB,1,7.317,,
552,Moto G5S /2 Ram |,Motorola,Brindes,32gb,1,829,,
553,Samsung Galaxy M21S Tela 6.4  4Gb Ram -,Smartphone,Azul,4gb Ram,64gb,1,1.499,
554,Asus Zb634Kl Zenfone Max Shot Plus  (+),Celular,128gb,64gb,64gb,1,999,
555,"Lg K22 Tela 6,2  2Gb Ram Android",Smartphone,Azul,2gb Ram,32gb,1,741,
556,"Lg K22 Plus Tela 6,2  3Gb Ram Android",Smartphone,Titânio,3gb Ram,64gb,1,1.099,
557,Twist 3 Fit S509C,Positivo,preto ,512 MB RAM,32 GB,2,426,
558,Redmi 9 (Global)   Ocean,Xiaomi,green ,4 GB RAM,128 GB,2,1.298,
559,Galaxy S10E   Prism,Samsung,black ,6 GB RAM,128 GB,1,2.699,
560,"Lg K22 Tela 6,2  2Gb Ram Android",Smartphone,Titânio,2gb Ram,32gb,1,999,
561,"Lg K22 Plus Tela 6,2  3Gb Ram Quad-Core",Smartphone,Verm,3gb Ram,64gb,1,1.099,
562,E6S (2020),Moto,vermelho-magenta ,2 GB RAM,32 GB,2,819,
563,K52 (13 Mpx),Lg,red ,3 GB RAM,64 GB,2,1.070,
564,Twist S511,Positivo,cinza ,1 GB RAM,16 GB,2,453,
565,Galaxy Note20    Bronze,Samsung,místico ,8 GB RAM,256 GB,2,4.399,
566,E7 Plus    Bronze,Moto,âmbar ,4 GB RAM,64 GB,2,1.059,
567,E6S (2020),Moto,azul-navy ,4 GB RAM,64 GB,2,1.393,
568,6S,Iphone,cinza-espacial,64 GB,1,1.750,,
569,"Lg K41S 4G Tela 6,55  3Gb Ram Android",Smartphone,Titânio,3gb Ram,32gb,1,899,
570,P30 Lite    Midnight,Huawei,black ,4 GB RAM,128 GB,2,1.510,
571,"Lg K41S 4G Tela 6,55  3Gb Ram Android",Smartphone,Titânio,3gb Ram,32gb,1,899,
572,"Lg K51S 4G Tela 6,55  3Gb Ram Android",Smartphone,Titânio,3gb Ram,64gb,1,1.090,
573,Samsung Galaxy A31 A315 Dual  4Gb Ram,Celular,Branco,4gb Ram,128gb,1,1.529,
574,Samsung Galaxy M31 Tela 6.4  6Gb Ram,Smartphone,Android,6gb Ram,128gb,1,1.799,
575,Redmi 9C   Twilight,Xiaomi,blue ,3 GB RAM,64 GB,2,1.063,
576,Mi 10T 5G,Xiaomi,prata-lunar ,6 GB RAM,128 GB,2,3.550,
577,Poco M3    Cool,Xiaomi,blue ,4 GB RAM,128 GB,2,1.395,
578,2.3,Nokia,sand ,2 GB RAM,32 GB,1,749,
579,Redmi Note 9,Xiaomi,verde-floresta ,4 GB RAM,64 GB,2,1.320,
580,7,Iphone,preto-fosco,128 GB,1,2.385,,
581,E6 Play,Moto,cinza-metálico ,2 GB RAM,32 GB,1,842,
582,Samsung Galaxy M31 Tela 6.4  6Gb Ram -,Smartphone,Rosa,6gb Ram,128gb,1,1.799,
583,"Lg K52 4G Tela 6,59  3Gb Ram",Smartphone,Vermelho,3gb Ram,64 Gb,1,1.070,
584,Up Play  32 Mb,Multilaser,preto ,32 MB RAM,32 MB,2,96,
585,Flip Up  32 Mb,Multilaser,preto ,32 MB RAM,32 MB,2,155,
586,B220  32 Mb,Lg,preto ,32 MB RAM,32 MB,2,117,
587,Galaxy S20 Fe    Cloud,Samsung,navy ,8 GB RAM,256 GB,2,3.450,
588,Samsung Galaxy A10S Tela De 6.2  2Gb,Smartphone,Ram,2gb Ram,32gb,1,1.099,
589,7 Pro    Mirror,Realme,blue ,8 GB RAM,128 GB,2,2.176,
590,"Lg K51S 4G Tela 6,55  3Gb Ram Android",Smartphone,Titânio,3gb Ram,64gb,1,1.090,
591,Samsung Galaxy A01 Tela 5.7  2Gb Ram,Smartphone,Android,2gb Ram,32gb,1,749,
592,Zenfone Live L2 Za550Kl (Snapdragon 435),Asus,vermelho-foguete ,2 GB RAM,32 GB,2,799,
593,Redmi Note 9 Pro (48 Mpx)    Aurora,Xiaomi,blue ,4 GB RAM,64 GB,2,1.500,
594,G5 Plus,Moto,azul-safira ,2 GB RAM,32 GB,2,829,
595,11  (Product),Iphone,Red,64 GB,1,4.749,,
596,Mi 10 Lite   Cosmic,Xiaomi,gray ,6 GB RAM,64 GB,2,2.439,
597,Yc-130  32 Mb,Dl,preto ,32 MB RAM,32 MB,2,174,
598,Redmi 8,Xiaomi,preto-ônix ,4 GB RAM,64 GB,2,1.085,
599,Redmi Note 9 Pro (64 Mpx),Xiaomi,verde-tropical ,6 GB RAM,128 GB,2,1.995,
600,Flip Vita  32 Mb,Multilaser,azul ,32 MB RAM,32 MB,2,160,
601,12 Pro Max,Iphone,ouro,128 GB,1,9.190,,
602,S42,Cat,preto ,3 GB RAM,32 GB,2,1.788,
603,Samsung Galaxy A01 Core Dual 5.3   2Gb Ram,Celular,Azul,2gb Ram,32gb,1,688,
604,"Nokia C2 Nk010  ( +  Cartão) Tela 5,7",Celular,32gb,16gb,16gb,1,599,
605,Samsung A21S Dual 6.5  Octa Core  4Gb Ram,Celular,Preto,4gb Ram,64gb,1,1.358,
606,Redmi Note 8 Dual Sim  Neptune,Xiaomi,Blue ,4 Gb Ram,64 Gb,2,1.289,
607,Samsung Galaxy A51 Tela 6.5  4Gb Ram,Smartphone,Android,4gb Ram,128gb,1,1.899,
608,E6 Play,Moto,cinza-metálico ,2 GB RAM,32 GB,2,888,
